Order,Family,Subfamily,No_genera,Spp_richness,Subfam_sampled,ORDERS,FAM,SUB_FAM,Crown_M2015,Crown_SRB,Newly_sampled
Acorales,Acoraceae,,1,4,,,1,1,,CROWN,
Acorales,,,,4,,1,,,,,
Alismatales,Alismataceae,,15,88,,,1,1,,CROWN,
Alismatales,Aponogetonaceae,,1,50,,,1,1,,CROWN,NEW
Alismatales,Araceae,Zamioculcadoideae,3,21,,,,1,,,
Alismatales,Araceae,Pothoideae,4,900,,,,1,,,
Alismatales,Araceae,Orontioideae,3,6,,,,1,,,
Alismatales,Araceae,Monsteroideae,12,360,,,,1,,,
Alismatales,Araceae,Lemnoideae,5,37,,,,1,,,
Alismatales,Araceae,Lasioideae,10,58,,,,1,,,
Alismatales,Araceae,Gymnostachydoideae,1,1,,,,1,,,
Alismatales,Araceae,Aroideae,75,2520,,,,1,,,
Alismatales,Araceae,,123,4095,8,,1,,,CROWN,
Alismatales,Butomaceae,,1,1,,,1,1,,CROWN,NEW
Alismatales,Cymodoceaceae,,5,16,,,1,1,,CROWN,NEW
Alismatales,Hydrocharitaceae,,18,116,,,1,1,,CROWN,
Alismatales,Juncaginaceae,,3,30,,,1,1,,CROWN,
Alismatales,Maundiaceae,,1,1,,,1,1,,CROWN,NEW
Alismatales,Posidoniaceae,,1,9,,,1,1,,CROWN,NEW
Alismatales,Potamogetonaceae,,4,102,,,1,1,,CROWN,
Alismatales,Ruppiaceae,,1,10,,,1,1,,CROWN,NEW
Alismatales,Scheuchzeriaceae,,1,1,,,1,1,,,
Alismatales,Tofieldiaceae,,3,31,,,1,1,CROWN,CROWN,
Alismatales,Zosteraceae,,2,14,,,1,1,,CROWN,NEW
Alismatales,,,,4566,,1,,,,,
Amborellales,Amborellaceae,,1,1,,,1,1,CROWN,CROWN,
Amborellales,,,,1,,1,,,,,
Apiales,Apiaceae,Saniculoideae,10,335,,,,1,,,
Apiales,Apiaceae,Platysace,1,26,,,,1,,,
Apiales,Apiaceae,Mackinlayoideae,10,98,,,,1,,,
Apiales,Apiaceae,Klotzschieae,1,3,,,,1,,,
Apiales,Apiaceae,Hermae,1,8,,,,1,,,
Apiales,Apiaceae,Azorelloideae,17,155,,,,1,,,
Apiales,Apiaceae,Apioideae,380,3200,,,,1,,,
Apiales,Apiaceae,,434,3780,7,,1,,CROWN,CROWN,
Apiales,Araliaceae,,43,1450,,,1,1,CROWN,CROWN,
Apiales,Griseliniaceae,,1,6,,,1,1,,CROWN,NEW
Apiales,Myodocarpaceae,,2,19,,,1,1,CROWN,CROWN,
Apiales,Pennantiaceae,,1,4,,,1,1,,CROWN,
Apiales,Pittosporaceae,,6,200,,,1,1,CROWN,CROWN,
Apiales,Torricelliaceae,,3,10,,,1,1,CROWN,CROWN,
Apiales,,,,5469,,1,,,,,
Aquifoliales,Aquifoliaceae,,1,405,,,1,1,,CROWN,
Aquifoliales,Cardiopteridaceae,,5,43,,,1,1,CROWN,CROWN,
Aquifoliales,Helwingiaceae,,1,3,,,1,1,,CROWN,
Aquifoliales,Phyllonomaceae,,1,4,,,1,1,,CROWN,
Aquifoliales,Stemonuraceae,,12,95,,,1,1,,CROWN,
Aquifoliales,,,,550,,1,,,,,
Arecales,Arecaceae,Nypoideae,1,1,,,,1,,,
Arecales,Arecaceae,Coryphoideae,47,505,,,,1,,,
Arecales,Arecaceae,Ceroxyloideae,8,47,,,,1,,,
Arecales,Arecaceae,Calamoideae,21,645,,,,1,,,
Arecales,Arecaceae,Arecoideae,111,1390,,,,1,,,
Arecales,Arecaceae,,188,2585,5,,1,,,CROWN,
Arecales,Dasypogonaceae,,4,16,,,1,1,CROWN,CROWN,
Arecales,,,,2601,,1,,,,,
Asparagales,Amaryllidaceae,Amaryllidoideae,59,801,,,,1,,,
Asparagales,Amaryllidaceae,Allioideae,13,795,,,,1,,,
Asparagales,Amaryllidaceae,Agapanthoideae,1,9,,,,1,,,
Asparagales,Amaryllidaceae,,73,1605,3,,1,,,CROWN,
Asparagales,Asparagaceae,Scilloideae,70,1025,,,,1,,,
Asparagales,Asparagaceae,Nolinoideae,26,530,,,,1,,,
Asparagales,Asparagaceae,Lomandroideae,15,178,,,,1,,,
Asparagales,Asparagaceae,Brodiaeoideae,12,62,,,,1,,,
Asparagales,Asparagaceae,Asparagoideae,2,295,,,,1,,,
Asparagales,Asparagaceae,Aphyllanthoideae,1,1,,,,1,,,
Asparagales,Asparagaceae,Agavoideae,23,637,,,,1,,,
Asparagales,Asparagaceae,,153,2525,7,,1,,CROWN,CROWN,
Asparagales,Asphodelaceae,Xanthorrhoeoideae,1,30,,,,1,,,
Asparagales,Asphodelaceae,Hemerocallidoideae,20,89,,,,1,,,
Asparagales,Asphodelaceae,Asphodeloideae,19,940,,,,1,,,
Asparagales,Asphodelaceae,,41,1060,3,,1,,,CROWN,
Asparagales,Asteliaceae,,3,31,,,1,1,,CROWN,NEW
Asparagales,Blandfordiaceae,,1,4,,,1,1,,CROWN,
Asparagales,Boryaceae,,2,12,,,1,1,,CROWN,
Asparagales,Doryanthaceae,,1,2,,,1,1,,,NEW
Asparagales,Hypoxidaceae,,7,220,,,1,1,CROWN,CROWN,
Asparagales,Iridaceae,Patersonioideae,1,24,,,,1,,,
Asparagales,Iridaceae,Nivenioideae,3,14,,,,1,,,
Asparagales,Iridaceae,Isophysidoideae,1,1,,,,1,,,
Asparagales,Iridaceae,Iridoideae,30,890,,,,1,,,
Asparagales,Iridaceae,Geosiridoideae,1,3,,,,1,,,
Asparagales,Iridaceae,Crocoideae,28,1020,,,,1,,,
Asparagales,Iridaceae,Aristeoideae,1,55,,,,1,,,
Asparagales,Iridaceae,,66,2120,7,,1,,,CROWN,
Asparagales,Ixioliriaceae,,1,3,,,1,1,,CROWN,
Asparagales,Lanariaceae,,1,1,,,1,1,,CROWN,NEW
Asparagales,Orchidaceae,Vanilloideae,14,245,,,,1,,,
Asparagales,Orchidaceae,Orchidoideae,208,3755,,,,1,,,
Asparagales,Orchidaceae,Epidendroideae,650,21800,,,,1,,,
Asparagales,Orchidaceae,Cypripedioideae,5,170,,,,1,,,
Asparagales,Orchidaceae,Apostasioideae,2,15,,,,1,,,
Asparagales,Orchidaceae,,880,25985,5,,1,,,CROWN,
Asparagales,Tecophilaeaceae,,7,25,,,1,1,,CROWN,
Asparagales,Xeronemataceae,,1,2,,,1,1,,,NEW
Asparagales,,,,33595,,1,,,,,
Asterales,Alseuosmiaceae,,4,10,,,1,1,CROWN,CROWN,
Asterales,Argophyllaceae,,2,21,,,1,1,CROWN,CROWN,
Asterales,Asteraceae,Wunderlichioideae,8,48,,,,1,,,
Asterales,Asteraceae,Stifftioideae,10,35,,,,1,,,
Asterales,Asteraceae,Pertyoideae,6,70,,,,1,,,
Asterales,Asteraceae,Mutisioideae,46,637,,,,1,,,
Asterales,Asteraceae,Hecastocleidoideae,1,1,,,,1,,,
Asterales,Asteraceae,Gymnarrhenoideae,2,2,,,,1,,,
Asterales,Asteraceae,Gochnatioideae,8,85,,,,1,,,
Asterales,Asteraceae,Famatinanthoideae,1,1,,,,1,,,
Asterales,Asteraceae,Corymbioideae,1,7,,,,1,,,
Asterales,Asteraceae,Cichorioideae,224,3994,,,,1,,,
Asterales,Asteraceae,Carduoideae,83,2864,,,,1,,,
Asterales,Asteraceae,Barnadesioideae,9,92,,,,1,,,
Asterales,Asteraceae,Asteroideae,1135,17200,,,,1,,,
Asterales,Asteraceae,,1620,25036,13,,1,,,CROWN,
Asterales,Calyceraceae,,4,60,,,1,1,,CROWN,
Asterales,Campanulaceae,Nemacladoideae,2,25,,,,1,,,
Asterales,Campanulaceae,Lobelioideae,29,1200,,,,1,,,
Asterales,Campanulaceae,Cyphocarpoideae,1,3,,,,1,,,
Asterales,Campanulaceae,Cyphioideae,1,65,,,,1,,,
Asterales,Campanulaceae,Campanuloideae,50,1050,,,,1,,,
Asterales,Campanulaceae,,84,2380,5,,1,,CROWN,CROWN,
Asterales,Goodeniaceae,,12,430,,,1,1,CROWN,CROWN,
Asterales,Menyanthaceae,,5,58,,,1,1,CROWN,CROWN,
Asterales,Pentaphragmataceae,,1,30,,,1,1,,,
Asterales,Phellinaceae,,1,12,,,1,1,,CROWN,
Asterales,Rousseaceae,,4,13,,,1,1,CROWN,CROWN,
Asterales,Stylidiaceae,,3,245,,,1,1,CROWN,CROWN,
Asterales,,,,28295,,1,,,,,
Austrobaileyales,Austrobaileyaceae,,1,2,,,1,1,,,
Austrobaileyales,Schisandraceae,,3,92,,,1,1,CROWN,CROWN,
Austrobaileyales,Trimeniaceae,,1,6,,,1,1,,,
Austrobaileyales,,,,100,,1,,,,,
Berberidopsidales,Aextoxicaceae,,1,1,,,1,1,CROWN,CROWN,
Berberidopsidales,Berberidopsidaceae,,2,3,,,1,1,,CROWN,
Berberidopsidales,,,,4,,1,,,,,
Boraginales,Boraginaceae,,94,1793,,,1,1,,CROWN,
Boraginales,Codonaceae,,1,2,,,1,1,,CROWN,NEW
Boraginales,Coldeniaceae,,1,1,,,1,1,,,
Boraginales,Cordiaceae,,3,330,,,1,1,,CROWN,NEW
Boraginales,Ehretiaceae,,9,150,,,1,1,,CROWN,
Boraginales,Heliotropiaceae,,4,425,,,1,1,,CROWN,NEW
Boraginales,Hoplestigmataceae,,1,2,,,1,1,,,
Boraginales,Hydrophyllaceae,,12,250,,,1,1,,CROWN,
Boraginales,Namaceae,,4,71,,,1,1,,CROWN,
Boraginales,Wellstediaceae,,1,5,,,1,1,,CROWN,NEW
Boraginales,,,,3029,,1,,,,,
Brassicales,Akaniaceae,,2,2,,,1,1,,CROWN,NEW
Brassicales,Bataceae,,4,13,,,1,1,,,
Brassicales,Brassicaceae,Chorisporeae,48,400,,,,1,,,
Brassicales,Brassicaceae,Brassicaea,152,1775,,,,1,,,
Brassicales,Brassicaceae,Allyseae,152,1775,,,,1,,,
Brassicales,Brassicaceae,Aethionemeae,1,60,,,,1,,,
Brassicales,Brassicaceae,,353,4010,4,,1,,,CROWN,
Brassicales,Capparaceae,,16,480,,,1,1,,CROWN,
Brassicales,Caricaceae,,6,34,,,1,1,,CROWN,
Brassicales,Cleomaceae,,10,300,,,1,1,,CROWN,NEW
Brassicales,Emblingiaceae,,1,1,,,1,1,,CROWN,NEW
Brassicales,Gyrostemonaceae,,5,18,,,1,1,,CROWN,
Brassicales,Koeberliniaceae,,1,2,,,1,1,,,
Brassicales,Limnanthaceae,,2,8,,,1,1,,CROWN,
Brassicales,Moringaceae,,1,12,,,1,1,,CROWN,NEW
Brassicales,Pentadiplandraceae,,1,1,,,1,1,,CROWN,
Brassicales,Resedaceae,,8,96,,,1,1,,CROWN,
Brassicales,Salvadoraceae,,3,11,,,1,1,,,NEW
Brassicales,Setchellanthaceae,,1,1,,,1,1,,CROWN,NEW
Brassicales,Tovariaceae,,1,2,,,1,1,,,
Brassicales,Tropaeolaceae,,1,105,,,1,1,CROWN,CROWN,
Brassicales,,,,4826,,1,,,,,
Bruniales,Bruniaceae,,81,75,,,1,1,,CROWN,
Bruniales,Columelliaceae,,2,5,,,1,1,CROWN,CROWN,
Bruniales,,,,80,,1,,,,,
Buxales,Buxaceae,,7,120,,,1,1,,CROWN,
Buxales,,,,120,,1,,,,,
Canellales,Canellaceae,,5,13,,,1,1,CROWN,CROWN,
Canellales,Winteraceae,,5,91,,,1,1,CROWN,CROWN,
Canellales,,,,104,,1,,,,,
Caryophyllales,Achatocarpaceae,,2,7,,,1,1,,CROWN,
Caryophyllales,Aizoaceae,Sesuvioideae,5,65,,,,1,,,
Caryophyllales,Aizoaceae,Ruschioideae,111,1585,,,,1,,,
Caryophyllales,Aizoaceae,Mesembryanthemoideae,1,105,,,,1,,,
Caryophyllales,Aizoaceae,Aizooideae,6,122,,,,1,,,
Caryophyllales,Aizoaceae,,124,1180,4,,1,,,CROWN,
Caryophyllales,Amaranthaceae,Suaedoideae,2,83,,,,1,,,
Caryophyllales,Amaranthaceae,Salsoloideae,32,400,,,,1,,,
Caryophyllales,Amaranthaceae,Salicornioideae,15,110,,,,1,,,
Caryophyllales,Amaranthaceae,Polycnemoideae,4,13,,,,1,,,
Caryophyllales,Amaranthaceae,Corispermoideae,,70,,,,1,,,
Caryophyllales,Amaranthaceae,Chenopodioideae,10,500,,,,1,,,
Caryophyllales,Amaranthaceae,Camphorosmoideae,22,180,,,,1,,,
Caryophyllales,Amaranthaceae,Betoideae,6,14,,,,1,,,
Caryophyllales,Amaranthaceae,Amaranthoideae,,530,,,,1,,,
Caryophyllales,Amaranthaceae,,183,2500,9,,1,,,CROWN,
Caryophyllales,Anacampserotaceae,,3,36,,,1,1,,CROWN,NEW
Caryophyllales,Ancistrocladaceae,,1,12,,,1,1,,CROWN,
Caryophyllales,Asteropeiaceae,,1,8,,,1,1,,,
Caryophyllales,Barbeuiaceae,,1,1,,,1,1,CROWN,CROWN,
Caryophyllales,Basellaceae,,4,19,,,1,1,,,
Caryophyllales,Cactaceae,,139,1866,,,1,1,CROWN,CROWN,
Caryophyllales,Caryophyllaceae,Sperguleae,,60,,,,1,,,
Caryophyllales,Caryophyllaceae,SagineaeSclerantheae,,154,,,,1,,,
Caryophyllales,Caryophyllaceae,Polycarpeae,,98,,,,1,,,
Caryophyllales,Caryophyllaceae,Paronychieae,15,190,,,,1,,,
Caryophyllales,Caryophyllaceae,Corrigioleae,2,16,,,,1,,,
Caryophyllales,Caryophyllaceae,AlsineaeCaryophylleae,,1955,,,,1,,,
Caryophyllales,Caryophyllaceae,,101,2625,6,,1,,,CROWN,
Caryophyllales,Didiereaceae,,7,16,,,1,1,,CROWN,
Caryophyllales,Dioncophyllaceae,,3,3,,,1,1,,CROWN,
Caryophyllales,Droseraceae,,3,205,,,1,1,,CROWN,
Caryophyllales,Drosophyllaceae,,1,1,,,1,1,CROWN,CROWN,
Caryophyllales,Frankeniaceae,,1,90,,,1,1,,CROWN,
Caryophyllales,Gisekiaceae,,1,7,,,1,1,,CROWN,
Caryophyllales,Halophytaceae,,1,1,,,1,1,CROWN,CROWN,
Caryophyllales,Kewaceae,,1,8,,,1,1,,CROWN,NEW
Caryophyllales,Limeaceae,,1,21,,,1,1,,CROWN,
Caryophyllales,Lophiocarpaceae,,2,6,,,1,1,,CROWN,
Caryophyllales,Macarthuriaceae,,1,10,,,1,1,,CROWN,NEW
Caryophyllales,Microteaceae,,1,9,,,1,1,,CROWN,NEW
Caryophyllales,Molluginaceae,,12,878,,,1,1,,CROWN,
Caryophyllales,Montiaceae,,14,225,,,1,1,,CROWN,
Caryophyllales,Nepenthaceae,,1,90,,,1,1,,CROWN,
Caryophyllales,Nyctaginaceae,,31,405,,,1,1,,CROWN,
Caryophyllales,Petiveriaceae,,9,13,,,1,1,,CROWN,
Caryophyllales,Physenaceae,,1,2,,,1,1,,CROWN,
Caryophyllales,Phytolaccaceae,,5,32,,,1,1,,CROWN,
Caryophyllales,Plumbaginaceae,,29,836,,,1,1,CROWN,CROWN,
Caryophyllales,Polygonaceae,Symmerioideae,1,1,,,,1,,,
Caryophyllales,Polygonaceae,Polygonoideae,15,590,,,,1,,,
Caryophyllales,Polygonaceae,Eriogonoideae,28,520,,,,1,,,
Caryophyllales,Polygonaceae,Afrobrunnichia,1,2,,,,1,,,
Caryophyllales,Polygonaceae,,55,1110,4,,1,,,CROWN,
Caryophyllales,Portulacaceae,,1,100,,,1,1,,CROWN,
Caryophyllales,Rhabdodendraceae,,1,3,,,1,1,,,
Caryophyllales,Sarcobataceae,,1,2,,,1,1,,,
Caryophyllales,Simmondsiaceae,,1,1,,,1,1,CROWN,CROWN,
Caryophyllales,Stegnospermataceae,,1,3,,,1,1,,CROWN,
Caryophyllales,Talinaceae,,3,27,,,1,1,,,
Caryophyllales,Tamaricaceae,,5,90,,,1,1,,CROWN,
Caryophyllales,,,,12023,,1,,,,,
Celastrales,Celastraceae,Stackhousiaceae,30,450,,,,1,,,
Celastrales,Celastraceae,Parnassioideae,2,62,,,,1,,,
Celastrales,Celastraceae,Celastraceae.sstr,31,450,,,,1,,,
Celastrales,Celastraceae,Brexiaceae,31,450,,,,1,,,
Celastrales,Celastraceae,,94,1412,4,,1,,CROWN,CROWN,
Celastrales,Lepidobotryaceae,,2,3,,,1,1,CROWN,CROWN,
Celastrales,,,,1413,,1,,,,,
Ceratophyllales,Ceratophyllaceae,,1,6,,,1,1,,CROWN,
Ceratophyllales,,,,6,,1,,,,,
Chloranthales,Chloranthaceae,,4,75,,,1,1,CROWN,CROWN,
Chloranthales,,,,75,,1,,,,,
Commelinales,Commelinaceae,,40,652,,,1,1,,CROWN,
Commelinales,Haemodoraceae,,14,116,,,1,1,,CROWN,
Commelinales,Hanguanaceae,,1,14,,,1,1,,CROWN,NEW
Commelinales,Philydraceae,,4,5,,,1,1,,CROWN,
Commelinales,Pontederiaceae,,9,33,,,1,1,,CROWN,
Commelinales,,,,820,,1,,,,,
Cornales,Cornaceae,,2,85,,,1,1,CROWN,CROWN,
Cornales,Curtisiaceae,,1,1,,,1,1,CROWN,CROWN,
Cornales,Grubbiaceae,,1,3,,,1,1,,,
Cornales,Hydrangeaceae,,9,70,,,1,1,CROWN,CROWN,
Cornales,Hydrostachyaceae,,1,20,,,1,1,,CROWN,
Cornales,Loasaceae,,20,265,,,1,1,CROWN,CROWN,
Cornales,Nyssaceae,,5,22,,,1,1,,CROWN,
Cornales,,,,466,,1,,,,,
Crossosomatales,Aphloiaceae,,1,2,,,1,1,,CROWN,
Crossosomatales,Crossosomataceae,,4,12,,,1,1,,CROWN,
Crossosomatales,Geissolomataceae,,1,1,,,1,1,CROWN,CROWN,
Crossosomatales,Guamatelaceae,,1,1,,,1,1,CROWN,CROWN,
Crossosomatales,Stachyuraceae,,1,5,,,1,1,,CROWN,
Crossosomatales,Staphyleaceae,,2,45,,,1,1,,CROWN,
Crossosomatales,Strasburgeriaceae,,2,2,,,1,1,CROWN,CROWN,
Crossosomatales,,,,68,,1,,,,,
Cucurbitales,Anisophylleaceae,,4,71,,,1,1,,CROWN,
Cucurbitales,Apodanthaceae,,2,10,,,1,1,,CROWN,NEW
Cucurbitales,Begoniaceae,,2,1621,,,1,1,,CROWN,
Cucurbitales,Coriariaceae,,1,5,,,1,1,CROWN,CROWN,
Cucurbitales,Corynocarpaceae,,1,6,,,1,1,,CROWN,
Cucurbitales,Cucurbitaceae,Zanonieae,4,13,,,,1,,,
Cucurbitales,Cucurbitaceae,Triceratieae,5,24,,,,1,,,
Cucurbitales,Cucurbitaceae,Gomphogyneae,6,56,,,,1,,,
Cucurbitales,Cucurbitaceae,Cucurbitoideae,82,900,,,,1,,,
Cucurbitales,Cucurbitaceae,Actinostemmateae,1,3,,,,1,,,
Cucurbitales,Cucurbitaceae,,98,1000,5,,1,,,CROWN,
Cucurbitales,Datiscaceae,,1,2,,,1,1,CROWN,CROWN,
Cucurbitales,Tetramelaceae,,2,2,,,1,1,,CROWN,
Cucurbitales,,,,2717,,1,,,,,
Dilleniales,Dilleniaceae,Hibbertioideae,1,225,,,,1,,,
Dilleniales,Dilleniaceae,Doliocarpoideae,5,65,,,,1,,,
Dilleniales,Dilleniaceae,Dillenioideae,4,75,,,,1,,,
Dilleniales,Dilleniaceae,Delimoideae,1,44,,,,1,,,
Dilleniales,Dilleniaceae,,11,500,4,,1,,CROWN,CROWN,
Dilleniales,,,,500,,1,,,,,
Dioscoreales,Afrothismieae,,1,16,,,1,1,,CROWN,NEW
Dioscoreales,Burmanniaceae,,9,95,,,1,1,,CROWN,
Dioscoreales,Dioscoreaceae,,4,870,,,1,1,,CROWN,
Dioscoreales,Nartheciaceae,,4,41,,,1,1,,CROWN,
Dioscoreales,Taccaceae,,1,12,,,1,1,,CROWN,
Dioscoreales,Thismiaceae,,5,55,,,1,1,,CROWN,NEW
Dioscoreales,,,,1089,,1,,,,,
Dipsacales,Adoxaceae,,5,200,,,1,1,CROWN,CROWN,
Dipsacales,Caprifoliaceae,Zabelia,1,6,,,,1,,,
Dipsacales,Caprifoliaceae,Valerianoideae,5,375,,,,1,,,
Dipsacales,Caprifoliaceae,Morinoideae,3,13,,,,1,,,
Dipsacales,Caprifoliaceae,Linnaeoideae,6,32,,,,1,,,
Dipsacales,Caprifoliaceae,Heptacodium,1,1,,,,1,,,
Dipsacales,Caprifoliaceae,Dipsacoideae,11,290,,,,1,,,
Dipsacales,Caprifoliaceae,Diervilloideae,2,16,,,,1,,,
Dipsacales,Caprifoliaceae,Caprifolioideae,5,220,,,,1,,,
Dipsacales,Caprifoliaceae,,31,890,8,,1,,CROWN,CROWN,
Dipsacales,,,,1090,,1,,,,,
Ericales,Actinidiaceae,,3,380,,,1,1,,CROWN,
Ericales,Balsaminaceae,,2,1001,,,1,1,,CROWN,
Ericales,Clethraceae,,2,75,,,1,1,,CROWN,
Ericales,Cyrillaceae,,2,2,,,1,1,,CROWN,
Ericales,Diapensiaceae,,6,18,,,1,1,,CROWN,
Ericales,Ebenaceae,,4,553,,,1,1,CROWN,CROWN,
Ericales,Ericaceae,Vaccinioideae,50,1580,,,,1,,,
Ericales,Ericaceae,Pyroloideae,4,40,,,,1,,,
Ericales,Ericaceae,Monotropoideae,10,15,,,,1,,,
Ericales,Ericaceae,Harrimanelloideae,1,2,,,,1,,,
Ericales,Ericaceae,Ericoideae,19,1790,,,,1,,,
Ericales,Ericaceae,Epacridoideae,35,545,,,,1,,,
Ericales,Ericaceae,Enkianthoideae,1,16,,,,1,,,
Ericales,Ericaceae,Cassiopoideae,1,12,,,,1,,,
Ericales,Ericaceae,Arbutoideae,6,80,,,,1,,,
Ericales,Ericaceae,,126,4010,9,,1,,CROWN,CROWN,
Ericales,Fouquieriaceae,,1,11,,,1,1,,CROWN,
Ericales,Lecythidaceae,,25,350,,,1,1,,CROWN,
Ericales,Marcgraviaceae,,7,130,,,1,1,,CROWN,
Ericales,Mitrastemonaceae,,1,2,,,1,1,,CROWN,NEW
Ericales,Pentaphylacaceae,,12,345,,,1,1,,CROWN,
Ericales,Polemoniaceae,,18,385,,,1,1,,CROWN,
Ericales,Primulaceae,Theophrastoideae,9,105,,,,1,,,
Ericales,Primulaceae,Primuloideae,9,900,,,,1,,,
Ericales,Primulaceae,Myrsinoideae,41,1435,,,,1,,,
Ericales,Primulaceae,Maesoideae,1,150,,,,1,,,
Ericales,Primulaceae,,58,2590,4,,1,,CROWN,CROWN,
Ericales,Roridulaceae,,1,2,,,1,1,,CROWN,
Ericales,Sapotaceae,,53,1100,,,1,1,,CROWN,
Ericales,Sarraceniaceae,,3,32,,,1,1,,CROWN,
Ericales,Sladeniaceae,,2,3,,,1,1,,CROWN,NEW
Ericales,Styracaceae,,11,160,,,1,1,CROWN,CROWN,
Ericales,Symplocaceae,,2,320,,,1,1,,CROWN,
Ericales,Tetrameristaceae,,3,5,,,1,1,,CROWN,
Ericales,Theaceae,,9,460,,,1,1,,CROWN,
Ericales,,,,11934,,1,,,,,
Escalloniales,Escalloniaceae,,7,135,,,1,1,CROWN,CROWN,
Escalloniales,,,,135,,1,,,,,
Fabales,Fabaceae,Mimosoideae,82,3335,,,,1,,,
Fabales,Fabaceae,Faboideae,503,14000,,,,1,,,
Fabales,Fabaceae,Duparquetioideae,1,1,,,,1,,,
Fabales,Fabaceae,Dialioideae,17,85,,,,1,,,
Fabales,Fabaceae,Detarioideae,84,760,,,,1,,,
Fabales,Fabaceae,Cercidioideae,12,335,,,,1,,,
Fabales,Fabaceae,Caesalpinioideae,148,4400,,,,1,,,
Fabales,Fabaceae,,766,19581,7,,1,,,CROWN,
Fabales,Polygalaceae,,21,965,,,1,1,,,
Fabales,Quillajaceae,,1,2,,,1,1,,,
Fabales,Surianaceae,,5,8,,,1,1,,CROWN,
Fabales,,,,20556,,1,,,,,
Fagales,Betulaceae,,6,145,,,1,1,,CROWN,
Fagales,Casuarinaceae,,4,95,,,1,1,,CROWN,
Fagales,Fagaceae,,7,670,,,1,1,CROWN,CROWN,
Fagales,Juglandaceae,,9,51,,,1,1,,CROWN,
Fagales,Myricaceae,,4,57,,,1,1,,CROWN,
Fagales,Nothofagaceae,,1,35,,,1,1,,CROWN,
Fagales,Ticodendraceae,,1,1,,,1,1,,CROWN,NEW
Fagales,,,,1054,,1,,,,,
Garryales,Eucommiaceae,,1,1,,,1,1,CROWN,CROWN,
Garryales,Garryaceae,,2,17,,,1,1,CROWN,CROWN,
Garryales,,,,18,,1,,,,,
Gentianales,Apocynaceae,Rauvolfioideae,42,433,,,,1,,,
Gentianales,Apocynaceae,Aspidospermateae,6,90,,,,1,,,
Gentianales,Apocynaceae,APSA,365,3545,,,,1,,,
Gentianales,Apocynaceae,Alstonieae,2,47,,,,1,,,
Gentianales,Apocynaceae,,400,4555,4,,1,,,CROWN,
Gentianales,Gelsemiaceae,,2,11,,,1,1,,CROWN,
Gentianales,Gentianaceae,Voyrieae,1,19,,,,1,,,
Gentianales,Gentianaceae,Saccifolieae,5,19,,,,1,,,
Gentianales,Gentianaceae,Potalieae,18,163,,,,1,,,
Gentianales,Gentianaceae,Helieae,23,218,,,,1,,,
Gentianales,Gentianaceae,Gentianeae,18,975,,,,1,,,
Gentianales,Gentianaceae,Exaceae,8,184,,,,1,,,
Gentianales,Gentianaceae,Chironieae,26,160,,,,1,,,
Gentianales,Gentianaceae,,99,1740,7,,1,,,CROWN,
Gentianales,Loganiaceae,,13,420,,,1,1,,CROWN,
Gentianales,Rubiaceae,Rubioideae,,7600,,,,1,,,
Gentianales,Rubiaceae,LAC,3,61,,,,1,,,
Gentianales,Rubiaceae,Ixoroideae,,3980,,,,1,,,
Gentianales,Rubiaceae,Cinchonoideae,,1509,,,,1,,,
Gentianales,Rubiaceae,,611,13150,4,,1,,CROWN,CROWN,
Gentianales,,,,19876,,1,,,,,
Geraniales,Francoaceae,,9,31,,,1,1,CROWN,CROWN,
Geraniales,Geraniaceae,,7,805,,,1,1,,CROWN,
Geraniales,,,,836,,1,,,,,
Gunnerales,Gunneraceae,,1,50,,,1,1,,CROWN,NEW
Gunnerales,Myrothamnaceae,,1,2,,,1,1,,CROWN,
Gunnerales,,,,52,,1,,,,,
Huerteales,Dipentodontaceae,,2,16,,,1,1,CROWN,CROWN,
Huerteales,Gerrardinaceae,,1,2,,,1,1,,,
Huerteales,Petenaeaceae,,1,1,,,1,1,,CROWN,NEW
Huerteales,Tapisciaceae,,2,5,,,1,1,,CROWN,
Huerteales,,,,24,,1,,,,,
Icacinales,Icacinaceae,,23,200,,,1,1,,CROWN,
Icacinales,Oncothecaceae,,1,2,,,1,1,,,
Icacinales,,,,202,,1,,,,,
Lamiales,Acanthaceae,Thunbergioideae,5,190,,,,1,,,
Lamiales,Acanthaceae,Nelsonioideae,5,172,,,,1,,,
Lamiales,Acanthaceae,Avicennioideae,1,8,,,,1,,,
Lamiales,Acanthaceae,Acanthoideae,217,3220,,,,1,,,
Lamiales,Acanthaceae,,220,4000,4,,1,,,CROWN,
Lamiales,Bignoniaceae,,110,800,,,1,1,,CROWN,
Lamiales,Byblidaceae,,1,8,,,1,1,,CROWN,
Lamiales,Calceolariaceae,,2,260,,,1,1,,CROWN,
Lamiales,Carlemanniaceae,,2,5,,,1,1,,CROWN,NEW
Lamiales,Gesneriaceae,Sanangoideae,1,1,,,,1,,,
Lamiales,Gesneriaceae,Gesnerioideae,75,960,,,,1,,,
Lamiales,Gesneriaceae,Didymocarpoideae,71,2350,,,,1,,,
Lamiales,Gesneriaceae,,147,3460,3,,1,,,CROWN,
Lamiales,Lamiaceae,Viticoideae,6,310,,,,1,,,
Lamiales,Lamiaceae,Tectonoideae,1,4,,,,1,,,
Lamiales,Lamiaceae,Scutellarioideae,5,380,,,,1,,,
Lamiales,Lamiaceae,Prostantheroideae,17,317,,,,1,,,
Lamiales,Lamiaceae,Premnoideae,3,168,,,,1,,,
Lamiales,Lamiaceae,Peronematoideae,4,17,,,,1,,,
Lamiales,Lamiaceae,Nepetoideae,105,3675,,,,1,,,
Lamiales,Lamiaceae,Lamioideae,62,1260,,,,1,,,
Lamiales,Lamiaceae,Cymaroideae,2,4,,,,1,,,
Lamiales,Lamiaceae,Callicarpoideae,1,170,,,,1,,,
Lamiales,Lamiaceae,Ajugoideae,26,1115,,,,1,,,
Lamiales,Lamiaceae,,236,7420,11,,1,,CROWN,CROWN,
Lamiales,Lentibulariaceae,,3,330,,,1,1,CROWN,CROWN,
Lamiales,Linderniaceae,,17,255,,,1,1,,CROWN,NEW
Lamiales,Martyniaceae,,5,16,,,1,1,,CROWN,
Lamiales,Mazaceae,,3,33,,,1,1,,CROWN,
Lamiales,Oleaceae,,24,615,,,1,1,,CROWN,
Lamiales,Orobanchaceae,Rhinantheae,18,540,,,,1,,,
Lamiales,Orobanchaceae,Rehmannieae,2,7,,,,1,,,
Lamiales,Orobanchaceae,Pedicularidae,16,857,,,,1,,,
Lamiales,Orobanchaceae,Orobancheae,12,180,,,,1,,,
Lamiales,Orobanchaceae,Lindenbergieae,1,12,,,,1,,,
Lamiales,Orobanchaceae,Cymbarieae,6,14,,,,1,,,
Lamiales,Orobanchaceae,Buchnereae,16,350,,,,1,,,
Lamiales,Orobanchaceae,Brandisia,1,13,,,,1,,,
Lamiales,Orobanchaceae,,99,2060,8,,1,,,CROWN,
Lamiales,Paulowniaceae,,2,8,,,1,1,,CROWN,
Lamiales,Pedaliaceae,,15,70,,,1,1,,CROWN,
Lamiales,Peltantheraceae,,1,1,,,1,1,CROWN,CROWN,
Lamiales,Phrymaceae,,13,188,,,1,1,,CROWN,
Lamiales,Plantaginaceae,Veroniceae,,715,,,,1,,,
Lamiales,Plantaginaceae,Plantagineae,,512,,,,1,,,
Lamiales,Plantaginaceae,Gratioleae,,411,,,,1,,,
Lamiales,Plantaginaceae,Antirrhineae,,295,,,,1,,,
Lamiales,Plantaginaceae,Angelonieae,,75,,,,1,,,
Lamiales,Plantaginaceae,,90,2008,5,,1,,,CROWN,
Lamiales,Plocospermataceae,,1,1,,,1,1,CROWN,CROWN,
Lamiales,Schlegeliaceae,,4,28,,,1,1,,,NEW
Lamiales,Scrophulariaceae,Scrophularieae,6,575,,,,1,,,
Lamiales,Scrophulariaceae,Myoporeae,5,241,,,,1,,,
Lamiales,Scrophulariaceae,Limoselleae,27,640,,,,1,,,
Lamiales,Scrophulariaceae,Leucophylleae,1,20,,,,1,,,
Lamiales,Scrophulariaceae,Hemimerideae,6,150,,,,1,,,
Lamiales,Scrophulariaceae,Buddlejeae,1,108,,,,1,,,
Lamiales,Scrophulariaceae,Aptosimieae,3,22,,,,1,,,
Lamiales,Scrophulariaceae,,59,1880,7,,1,,,CROWN,
Lamiales,Stilbaceae,,11,39,,,1,1,,CROWN,
Lamiales,Tetrachondraceae,,2,3,,,1,1,,CROWN,
Lamiales,Thomandersiaceae,,1,6,,,1,1,,CROWN,
Lamiales,Verbenaceae,,31,918,,,1,1,,CROWN,
Lamiales,,,,24304,,1,,,,,
Laurales,Atherospermataceae,,6,16,,,1,1,CROWN,CROWN,
Laurales,Calycanthaceae,,5,11,,,1,1,CROWN,CROWN,
Laurales,Gomortegaceae,,1,1,,,1,1,CROWN,CROWN,
Laurales,Hernandiaceae,,5,55,,,1,1,CROWN,CROWN,
Laurales,Lauraceae,Mezilaurus,,30,,,,1,,,
Laurales,Lauraceae,Laureae,,1700,,,,1,,,
Laurales,Lauraceae,Hypodaphnideae,1,1,,,,1,,,
Laurales,Lauraceae,Cryptocaryeae,6,710,,,,1,,,
Laurales,Lauraceae,Cassytheae,1,24,,,,1,,,
Laurales,Lauraceae,CaryodaphnopsisNeocinnamomum,2,21,,,,1,,,
Laurales,Lauraceae,,50,2500,6,,1,,,CROWN,
Laurales,Monimiaceae,,22,200,,,1,1,CROWN,CROWN,
Laurales,Siparunaceae,,2,75,,,1,1,,CROWN,
Laurales,,,,2858,,1,,,,,
Liliales,Alstroemeriaceae,,5,170,,,1,1,,CROWN,
Liliales,Campynemataceae,,2,4,,,1,1,,CROWN,
Liliales,Colchicaceae,,15,255,,,1,1,,CROWN,
Liliales,Corsiaceae,,3,30,,,1,1,,CROWN,NEW
Liliales,Liliaceae,,15,610,,,1,1,,CROWN,
Liliales,Melanthiaceae,,17,170,,,1,1,,CROWN,
Liliales,Petermanniaceae,,1,1,,,1,1,,CROWN,NEW
Liliales,Philesiaceae,,2,2,,,1,1,CROWN,CROWN,
Liliales,Ripogonaceae,,1,6,,,1,1,,CROWN,NEW
Liliales,Smilacaceae,,1,210,,,1,1,,CROWN,
Liliales,,,,1458,,1,,,,,
Magnoliales,Annonaceae,Malmeoideae,49,783,,,,1,,,
Magnoliales,Annonaceae,Annonoideae,47,1530,,,,1,,,
Magnoliales,Annonaceae,Anaxagoreoideae,1,30,,,,1,,,
Magnoliales,Annonaceae,Ambavioideae,9,56,,,,1,,,
Magnoliales,Annonaceae,,107,2398,4,,1,,,CROWN,
Magnoliales,Degeneriaceae,,1,2,,,1,1,,CROWN,
Magnoliales,Eupomatiaceae,,1,3,,,1,1,,,
Magnoliales,Himantandraceae,,1,2,,,1,1,,,
Magnoliales,Magnoliaceae,,2,227,,,1,1,CROWN,CROWN,
Magnoliales,Myristicaceae,,20,475,,,1,1,CROWN,CROWN,
Magnoliales,,,,3107,,1,,,,,
Malpighiales,Achariaceae,,30,145,,,1,1,CROWN,CROWN,
Malpighiales,Balanopaceae,,1,9,,,1,1,,CROWN,
Malpighiales,Bonnetiaceae,,3,35,,,1,1,CROWN,CROWN,
Malpighiales,Calophyllaceae,,13,460,,,1,1,,CROWN,
Malpighiales,Caryocaraceae,,2,27,,,1,1,,CROWN,
Malpighiales,Centroplacaceae,,2,6,,,1,1,CROWN,CROWN,
Malpighiales,Chrysobalanaceae,,18,530,,,1,1,,CROWN,
Malpighiales,Clusiaceae,,14,800,,,1,1,CROWN,CROWN,
Malpighiales,Ctenolophonaceae,,1,3,,,1,1,,CROWN,
Malpighiales,Dichapetalaceae,,3,165,,,1,1,,CROWN,
Malpighiales,Elatinaceae,,2,35,,,1,1,CROWN,CROWN,
Malpighiales,Erythroxylaceae,,4,240,,,1,1,CROWN,CROWN,
Malpighiales,Euphorbiaceae,Gelonieae,2,33,,,,1,,,
Malpighiales,Euphorbiaceae,Euphorbioideae,39,2810,,,,1,,,
Malpighiales,Euphorbiaceae,CrotonoideaeII,6,257,,,,1,,,
Malpighiales,Euphorbiaceae,Crotonoideae,56,1724,,,,1,,,
Malpighiales,Euphorbiaceae,Cheilosoideae,2,7,,,,1,,,
Malpighiales,Euphorbiaceae,Adenoclineae,6,69,,,,1,,,
Malpighiales,Euphorbiaceae,Acalyphoideae,99,1865,,,,1,,,
Malpighiales,Euphorbiaceae,,218,6745,7,,1,,CROWN,CROWN,
Malpighiales,Euphroniaceae,,1,3,,,1,1,,,
Malpighiales,Goupiaceae,,1,2,,,1,1,,,
Malpighiales,Humiriaceae,,8,50,,,1,1,,CROWN,
Malpighiales,Hypericaceae,,9,700,,,1,1,CROWN,CROWN,
Malpighiales,Irvingiaceae,,4,12,,,1,1,,CROWN,
Malpighiales,Ixonanthaceae,,3,21,,,1,1,,CROWN,
Malpighiales,Lacistemataceae,,2,14,,,1,1,CROWN,CROWN,
Malpighiales,Linaceae,,7,300,,,1,1,CROWN,CROWN,
Malpighiales,Lophopyxidaceae,,1,1,,,1,1,CROWN,CROWN,
Malpighiales,Malpighiaceae,Malpighioideae,,1007,,,,1,,,
Malpighiales,Malpighiaceae,Byrsonimoideae,,212,,,,1,,,
Malpighiales,Malpighiaceae,Acridocarpoideae,,31,,,,1,,,
Malpighiales,Malpighiaceae,,68,1250,3,,1,,CROWN,CROWN,
Malpighiales,Ochnaceae,Quiinoideae,4,46,,,,1,,,
Malpighiales,Ochnaceae,Ochnoideae,28,495,,,,1,,,
Malpighiales,Ochnaceae,Medusagynoideae,1,1,,,,1,,,
Malpighiales,Ochnaceae,,27,495,3,,1,,CROWN,CROWN,
Malpighiales,Pandaceae,,3,15,,,1,1,CROWN,CROWN,
Malpighiales,Passifloraceae,Turneroideae,12,227,,,,1,,,
Malpighiales,Passifloraceae,Plassifloroideae,16,705,,,,1,,,
Malpighiales,Passifloraceae,Malesherbioideae,1,24,,,,1,,,
Malpighiales,Passifloraceae,,27,1035,3,,1,,CROWN,CROWN,
Malpighiales,Peraceae,,5,135,,,1,1,CROWN,CROWN,
Malpighiales,Phyllanthaceae,Phyllanthoideae,38,1680,,,,1,,,
Malpighiales,Phyllanthaceae,Antidesmatoideae,21,451,,,,1,,,
Malpighiales,Phyllanthaceae,,59,2330,2,,1,,CROWN,CROWN,
Malpighiales,Picrodendraceae,,24,96,,,1,1,CROWN,CROWN,
Malpighiales,Podostemaceae,,54,300,,,1,1,,CROWN,
Malpighiales,Putranjivaceae,,3,210,,,1,1,,CROWN,
Malpighiales,Rafflesiaceae,,3,20,,,1,1,,CROWN,NEW
Malpighiales,Rhizophoraceae,,16,149,,,1,1,CROWN,CROWN,
Malpighiales,Salicaceae,Scyphostegioideae,2,2,,,,1,,,
Malpighiales,Salicaceae,Samydoideae,13,235,,,,1,,,
Malpighiales,Salicaceae,Salicoideae,40,961,,,,1,,,
Malpighiales,Salicaceae,,54,1200,3,,1,,CROWN,CROWN,
Malpighiales,Trigoniaceae,,5,28,,,1,1,,,
Malpighiales,Violaceae,,34,985,,,1,1,,CROWN,
Malpighiales,,,,18551,,1,,,,,
Malvales,Bixaceae,,4,21,,,1,1,,CROWN,
Malvales,Cistaceae,,9,176,,,1,1,,CROWN,
Malvales,Cytinaceae,,2,10,,,1,1,,CROWN,NEW
Malvales,Dipterocarpaceae,,17,680,,,1,1,,CROWN,
Malvales,Malvaceae,Tilioideae,3,50,,,,1,,,
Malvales,Malvaceae,Sterculioideae,12,430,,,,1,,,
Malvales,Malvaceae,Malvatheca,95,1964,,,,1,,,
Malvales,Malvaceae,Helicteroideae,8,95,,,,1,,,
Malvales,Malvaceae,Grewioideae,25,770,,,,1,,,
Malvales,Malvaceae,Dombeyoideae,21,381,,,,1,,,
Malvales,Malvaceae,Byttnerioideae,26,650,,,,1,,,
Malvales,Malvaceae,Brownlowioideae,8,68,,,,1,,,
Malvales,Malvaceae,,243,4408,8,,1,,,CROWN,
Malvales,Muntingiaceae,,3,3,,,1,1,,,NEW
Malvales,Neuradaceae,,3,10,,,1,1,,CROWN,
Malvales,Sarcolaenaceae,,8,60,,,1,1,,CROWN,NEW
Malvales,Sphaerosepalaceae,,2,18,,,1,1,,CROWN,NEW
Malvales,Thymelaeaceae,,50,891,,,1,1,,,
Malvales,,,,6277,,1,,,,,
Metteniusales,Metteniusaceae,,10,49,,,1,1,,CROWN,NEW
Metteniusales,,,,49,,1,,,,,
Myrtales,Alzateaceae,,1,1,,,1,1,,CROWN,NEW
Myrtales,Combretaceae,,14,500,,,1,1,,CROWN,
Myrtales,Crypteroniaceae,,3,10,,,1,1,,CROWN,
Myrtales,Lythraceae,,31,620,,,1,1,,CROWN,
Myrtales,Melastomataceae,Olisbeoideae,6,485,,,,1,,,
Myrtales,Melastomataceae,Melastomatoideae,182,4475,,,,1,,,
Myrtales,Melastomataceae,,188,4960,2,,1,,CROWN,CROWN,
Myrtales,Myrtaceae,Psiloxyloideae,2,4,,,,1,,,
Myrtales,Myrtaceae,Myrtoideae,129,5894,,,,1,,,
Myrtales,Myrtaceae,,131,5898,2,,1,,CROWN,CROWN,
Myrtales,Onagraceae,,22,656,,,1,1,,CROWN,
Myrtales,Penaeaceae,,9,29,,,1,1,,CROWN,
Myrtales,Vochysiaceae,,7,190,,,1,1,,CROWN,
Myrtales,,,,12864,,1,,,,,
Nymphaeales,Cabombaceae,,2,6,,,1,1,CROWN,CROWN,
Nymphaeales,Hydatellaceae,,1,10,,,1,1,,CROWN,
Nymphaeales,Nymphaeaceae,,3,58,,,1,1,CROWN,CROWN,
Nymphaeales,,,,74,,1,,,,,
Oxalidales,Brunelliaceae,,1,55,,,1,1,,CROWN,
Oxalidales,Cephalotaceae,,1,1,,,1,1,CROWN,CROWN,
Oxalidales,Connaraceae,,12,180,,,1,1,CROWN,CROWN,
Oxalidales,Cunoniaceae,,29,280,,,1,1,,CROWN,
Oxalidales,Elaeocarpaceae,,12,605,,,1,1,CROWN,CROWN,
Oxalidales,Huaceae,,2,3,,,1,1,CROWN,CROWN,
Oxalidales,Oxalidaceae,,6,770,,,1,1,CROWN,CROWN,
Oxalidales,,,,1894,,1,,,,,
Pandanales,Cyclanthaceae,,12,225,,,1,1,,CROWN,
Pandanales,Pandanaceae,,4,885,,,1,1,,CROWN,NEW
Pandanales,Stemonaceae,,4,27,,,1,1,,CROWN,
Pandanales,Triuridaceae,,11,50,,,1,1,,CROWN,NEW
Pandanales,Velloziaceae,,5,241,,,1,1,CROWN,CROWN,
Pandanales,,,,1428,,1,,,,,
Paracryphiales,Paracryphiaceae,,3,36,,,1,1,CROWN,CROWN,
Paracryphiales,,,,36,,1,,,,,
Petrosaviales,Petrosaviaceae,,2,4,,,1,1,CROWN,CROWN,
Petrosaviales,,,,4,,1,,,,,
Piperales,Aristolochiaceae,Lactoris,1,1,,,,1,,,
Piperales,Aristolochiaceae,Hydnoroideae,2,7,,,,1,,,
Piperales,Aristolochiaceae,Asaroideae,2,101,,,,1,,,
Piperales,Aristolochiaceae,Aristolochioideae,5,480,,,,1,,,
Piperales,Aristolochiaceae,,9,587,4,,1,,CROWN,CROWN,
Piperales,Piperaceae,Zyppelioideae,2,6,,,,1,,,
Piperales,Piperaceae,Verhuellioideae,1,3,,,,1,,,
Piperales,Piperaceae,Piperoideae,2,3600,,,,1,,,
Piperales,Piperaceae,,5,3615,3,,1,,,CROWN,
Piperales,Saururaceae,,5,6,,,1,1,CROWN,CROWN,
Piperales,,,,4208,,1,,,,,
Poales,Bromeliaceae,Tillandsioideae,21,1337,,,,1,,,
Poales,Bromeliaceae,Puyoideae,1,225,,,,1,,,
Poales,Bromeliaceae,Pitcairnioideae,5,632,,,,1,,,
Poales,Bromeliaceae,Navioideae,5,105,,,,1,,,
Poales,Bromeliaceae,Lindmanioideae,2,43,,,,1,,,
Poales,Bromeliaceae,Hechtioideae,1,75,,,,1,,,
Poales,Bromeliaceae,Bromelioideae,31,936,,,,1,,,
Poales,Bromeliaceae,Brocchinioideae,1,21,,,,1,,,
Poales,Bromeliaceae,,57,3350,8,,1,,,CROWN,
Poales,Cyperaceae,Mapanioideae,6,180,,,,1,,,
Poales,Cyperaceae,Cyperoideae,92,5500,,,,1,,,
Poales,Cyperaceae,,98,5695,2,,1,,,CROWN,
Poales,Ecdeiocoleaceae,,2,3,,,1,1,,CROWN,
Poales,Eriocaulaceae,,6,1160,,,1,1,,CROWN,
Poales,Flagellariaceae,,1,5,,,1,1,,CROWN,
Poales,Joinvilleaceae,,1,2,,,1,1,,CROWN,NEW
Poales,Juncaceae,,7,434,,,1,1,,CROWN,
Poales,Mayacaceae,,1,10,,,1,1,,CROWN,
Poales,Poaceae,Streptogyna,1,2,,,,1,,,
Poales,Poaceae,Puelioideae,2,11,,,,1,,,
Poales,Poaceae,Pooideae,177,3850,,,,1,,,
Poales,Poaceae,Pharoideae,4,13,,,,1,,,
Poales,Poaceae,Panicoideae,212,3316,,,,1,,,
Poales,Poaceae,Micrairoideae,10,188,,,,1,,,
Poales,Poaceae,Ehrhartoideae,15,112,,,,1,,,
Poales,Poaceae,Danthonioideae,17,281,,,,1,,,
Poales,Poaceae,Chloridoideae,130,1721,,,,1,,,
Poales,Poaceae,Centropodia,1,3,,,,1,,,
Poales,Poaceae,Bambusoideae,116,1441,,,,1,,,
Poales,Poaceae,Arundinoideae,13,36,,,,1,,,
Poales,Poaceae,Aristidoideae,3,365,,,,1,,,
Poales,Poaceae,Anomochlooideae,2,4,,,,1,,,
Poales,Poaceae,,707,11343,14,,1,,,CROWN,
Poales,Rapateaceae,,16,94,,,1,1,,CROWN,
Poales,Restionaceae,,64,545,,,1,1,CROWN,CROWN,
Poales,Thurniaceae,,2,4,,,1,1,,CROWN,NEW
Poales,Typhaceae,,2,25,,,1,1,CROWN,CROWN,
Poales,Xyridaceae,,5,260,,,1,1,,CROWN,
Poales,,,,22930,,1,,,,,
Pricramniales,Picramniaceae,,3,49,,,1,1,,,
Pricramniales,,,,49,,1,,,,,
Proteales,Nelumbonaceae,,1,2,,,1,1,,CROWN,
Proteales,Platanaceae,,1,10,,,1,1,,CROWN,
Proteales,Proteaceae,Symphionematoideae,2,3,,,,1,,,
Proteales,Proteaceae,Proteoideae,25,655,,,,1,,,
Proteales,Proteaceae,Persoonioideae,4,110,,,,1,,,
Proteales,Proteaceae,Grevilleoideae,45,855,,,,1,,,
Proteales,Proteaceae,Bellendenoideae,1,1,,,,1,,,
Proteales,Proteaceae,,80,1615,5,,1,,,CROWN,
Proteales,Sabiaceae,,3,140,,,1,1,CROWN,CROWN,
Proteales,,,,1627,,1,,,,,
Ranunculales,Berberidaceae,Podophylloideae,8,75,,,,1,,,
Ranunculales,Berberidaceae,Nandinoideae,4,15,,,,1,,,
Ranunculales,Berberidaceae,Berberidoideae,2,601,,,,1,,,
Ranunculales,Berberidaceae,,14,701,3,,1,,CROWN,CROWN,
Ranunculales,Circaeasteraceae,,2,2,,,1,1,CROWN,CROWN,
Ranunculales,Eupteleaceae,,1,2,,,1,1,,CROWN,
Ranunculales,Lardizabalaceae,,7,40,,,1,1,CROWN,CROWN,
Ranunculales,Menispermaceae,,70,442,,,1,1,CROWN,CROWN,
Ranunculales,Papaveraceae,,44,825,,,1,1,,CROWN,
Ranunculales,Ranunculaceae,Thalictroideae,9,450,,,,1,,,
Ranunculales,Ranunculaceae,Ranunculoideae,46,2025,,,,1,,,
Ranunculales,Ranunculaceae,Hydrastidoideae,1,1,,,,1,,,
Ranunculales,Ranunculaceae,Glaucidioideae,1,1,,,,1,,,
Ranunculales,Ranunculaceae,Coptidoideae,3,17,,,,1,,,
Ranunculales,Ranunculaceae,,62,2525,5,,1,,CROWN,CROWN,
Ranunculales,,,,4537,,1,,,,,
Rosales,Barbeyaceae,,1,1,,,1,1,CROWN,CROWN,
Rosales,Cannabaceae,,11,170,,,1,1,,CROWN,
Rosales,Dirachmaceae,,1,2,,,1,1,,CROWN,
Rosales,Elaeagnaceae,,3,45,,,1,1,,CROWN,
Rosales,Moraceae,,39,1125,,,1,1,CROWN,CROWN,
Rosales,Rhamnaceae,,52,925,,,1,1,,CROWN,
Rosales,Rosaceae,Rosoideae,,1742,,,,1,,,
Rosales,Rosaceae,Dryadoideae,4,19,,,,1,,,
Rosales,Rosaceae,Amygdaloideae,,762,,,,1,,,
Rosales,Rosaceae,,90,2520,3,,1,,,CROWN,
Rosales,Ulmaceae,,6,35,,,1,1,,CROWN,
Rosales,Urticaceae,Urticeae,1,427,,,,1,,,
Rosales,Urticaceae,Elatostemateae,2,1223,,,,1,,,
Rosales,Urticaceae,Cecropieae,5,457,,,,1,,,
Rosales,Urticaceae,Boehmerieae,1,515,,,,1,,,
Rosales,Urticaceae,,54,2625,4,,1,,CROWN,CROWN,
Rosales,,,,7448,,1,,,,,
Santalales,Aptandraceae,,8,34,,,1,1,,,
Santalales,Balanophoraceae,,13,39,,,1,1,,CROWN,NEW
Santalales,Coulaceae,,3,3,,,1,1,CROWN,CROWN,
Santalales,Erythropalaceae,,4,40,,,1,1,,CROWN,
Santalales,Loranthaceae,,77,950,,,1,1,,CROWN,
Santalales,Misodendraceae,,1,8,,,1,1,,CROWN,
Santalales,Mystropetalaceae,,3,3,,,1,1,,CROWN,NEW
Santalales,Octoknemaceae,,1,14,,,1,1,,CROWN,NEW
Santalales,Olacaceae,,3,57,,,1,1,,CROWN,NEW
Santalales,Opiliaceae,,11,36,,,1,1,,CROWN,
Santalales,Santalaceae,,44,990,,,1,1,,CROWN,
Santalales,Schoepfiaceae,,3,55,,,1,1,,CROWN,
Santalales,Strombosiaceae,,6,18,,,1,1,,CROWN,NEW
Santalales,Ximeniaceae,,4,13,,,1,1,,CROWN,
Santalales,,,,2260,,1,,,,,
Sapindales,Anacardiaceae,,80,873,,,1,1,,CROWN,
Sapindales,Biebersteiniaceae,,1,5,,,1,1,,CROWN,
Sapindales,Burseraceae,,19,755,,,1,1,,CROWN,
Sapindales,Kirkiaceae,,1,8,,,1,1,,CROWN,NEW
Sapindales,Meliaceae,,50,705,,,1,1,CROWN,CROWN,
Sapindales,Nitrariaceae,,3,16,,,1,1,,CROWN,
Sapindales,Rutaceae,Rutoideae,33,293,,,,1,,,
Sapindales,Rutaceae,Cneoroideae,7,35,,,,1,,,
Sapindales,Rutaceae,Amyridoideae,113,1755,,,,1,,,
Sapindales,Rutaceae,,161,2085,3,,1,,,CROWN,
Sapindales,Sapindaceae,,140,1630,,,1,1,,CROWN,
Sapindales,Simaroubaceae,,22,110,,,1,1,,CROWN,
Sapindales,,,,8270,,1,,,,,
Saxifragales,Altingiaceae,,1,13,,,1,1,CROWN,CROWN,
Saxifragales,Aphanopetalaceae,,1,2,,,1,1,,CROWN,
Saxifragales,Cercidiphyllaceae,,1,2,,,1,1,,CROWN,
Saxifragales,Crassulaceae,Sempervivoideae,28,1005,,,,1,,,
Saxifragales,Crassulaceae,Kalanchooideae,4,200,,,,1,,,
Saxifragales,Crassulaceae,Crassuloideae,2,196,,,,1,,,
Saxifragales,Crassulaceae,,34,1400,3,,1,,CROWN,CROWN,
Saxifragales,Cynomoriaceae,,1,2,,,1,1,,CROWN,NEW
Saxifragales,Daphniphyllaceae,,1,10,,,1,1,,CROWN,NEW
Saxifragales,Grossulariaceae,,1,150,,,1,1,,CROWN,
Saxifragales,Haloragaceae,,9,145,,,1,1,,CROWN,
Saxifragales,Hamamelidaceae,,27,82,,,1,1,CROWN,CROWN,
Saxifragales,Iteaceae,,2,21,,,1,1,CROWN,CROWN,
Saxifragales,Paeoniaceae,,1,33,,,1,1,,CROWN,
Saxifragales,Penthoraceae,,1,2,,,1,1,,CROWN,
Saxifragales,Peridiscaceae,,4,11,,,1,1,,CROWN,
Saxifragales,Saxifragaceae,,33,600,,,1,1,CROWN,CROWN,
Saxifragales,Tetracarpaeaceae,,1,1,,,1,1,CROWN,CROWN,
Saxifragales,,,,2474,,1,,1,,,
Solanales,Convolvulaceae,Humbertioideae,1,1,,,,1,,,
Solanales,Convolvulaceae,Eryciboideae,1,70,,,,1,,,
Solanales,Convolvulaceae,Dichondroideae,,437,,,,1,,,
Solanales,Convolvulaceae,Cuscutoideae,1,195,,,,1,,,
Solanales,Convolvulaceae,Convolvuloideae,,930,,,,1,,,
Solanales,Convolvulaceae,Cardiochlamydeae,5,24,,,,1,,,
Solanales,Convolvulaceae,,57,1660,6,,1,,,CROWN,
Solanales,Hydroleaceae,,1,12,,,1,1,,CROWN,
Solanales,Montiniaceae,,3,5,,,1,1,,CROWN,
Solanales,Solanaceae,Solanoideae,62,1946,,,,1,,,
Solanales,Solanaceae,Schwenkioideae,2,31,,,,1,,,
Solanales,Solanaceae,Schizanthoideae,1,12,,,,1,,,
Solanales,Solanaceae,Petunioideae,12,160,,,,1,,,
Solanales,Solanaceae,Nicotianoideae,8,126,,,,1,,,
Solanales,Solanaceae,Goetzeoideae,6,8,,,,1,,,
Solanales,Solanaceae,Duckeodendroideae,1,1,,,,1,,,
Solanales,Solanaceae,Browallioideae,10,210,,,,1,,,
Solanales,Solanaceae,Benthamielleae,3,15,,,,1,,,
Solanales,Solanaceae,,102,2460,9,,1,,,CROWN,
Solanales,Sphenocleaceae,,1,2,,,1,1,,,
Solanales,,,,4359,,1,,,,,
Trochodendrales,Trochodendraceae,,2,2,,,1,1,CROWN,CROWN,
Trochodendrales,,,,2,,1,,,,,
Vahliales,Vahliaceae,,1,8,,,1,1,,CROWN,
Vahliales,,,,8,,1,,,,,
Vitales,Vitaceae,,14,850,,,1,1,CROWN,CROWN,
Vitales,,,,850,,1,,,,,
Zingiberales,Cannaceae,,1,10,,,1,1,,CROWN,
Zingiberales,Costaceae,,6,110,,,1,1,,CROWN,NEW
Zingiberales,Heliconiaceae,,1,200,,,1,1,,CROWN,NEW
Zingiberales,Lowiaceae,,1,20,,,1,1,,CROWN,NEW
Zingiberales,Marantaceae,,31,550,,,1,1,,CROWN,
Zingiberales,Musaceae,,2,41,,,1,1,,CROWN,
Zingiberales,Strelitziaceae,,3,7,,,1,1,CROWN,CROWN,
Zingiberales,Zingiberaceae,Zingibereae,33,695,,,,1,,,
Zingiberales,Zingiberaceae,Siphonochiloideae,2,20,,,,1,,,
Zingiberales,Zingiberaceae,Alpinieae,20,920,,,,1,,,
Zingiberales,Zingiberaceae,,56,1370,3,,1,,,CROWN,
Zingiberales,,,,2308,,1,,,,,
Zygophyllales,Krameriaceae,,1,18,,,1,1,,CROWN,
Zygophyllales,Zygophyllaceae,,22,325,,,1,1,,CROWN,
Zygophyllales,,,,343,,1,,,,,